sr.no,name,matches,runs,catches,wickets,stumpings,ball_faced,strike_rate,bowling_average,catches_per_match
2,Rohan Kanhay,144,1256,76,178,0,14400,8.72,7.056179775280899,0.5277777777777778
4,Bahubali,10,756,6,11,3,1000,75.6,68.72727272727273,0.6
7,Dinesh Roy,211,8537,112,16,0,21100,40.46,533.5625,0.5308056872037915
10,Litesh Singh,89,1099,46,49,0,8900,12.35,22.428571428571427,0.5168539325842697
